Name,Salary,City,Department,Age,Date of Join
Kristina Brown,102161,Johnsonhaven,Sales,38,2023-11-07
Kelly Moran,107822,North Michaelside,Engineering,39,2018-07-18
Miranda Silva,90319,Deanbury,HR,32,2024-11-22
Paul Bennett,85464,Barryfort,Marketing,47,2018-11-28
Jessica Powers,115027,Meyerburgh,Finance,48,2018-10-30
William Leonard,57891,Lake Ashley,HR,22,2024-12-22
Jennifer Jenkins,47585,Hernandezton,Engineering,25,2017-06-14
Jason Lyons,73351,Jonesbury,Sales,39,2021-06-19
Nancy Gonzalez,114752,South Vincent,Sales,56,2016-03-29
George Hunt,32606,Williebury,HR,43,2025-03-05
Jenna Thomas,107020,Schneiderborough,Engineering,59,2016-03-02
Brandon Wheeler,70970,North Jamiefurt,Sales,57,2018-11-18
Dr. Robert Roberts,51320,Lopeztown,Marketing,28,2020-08-22
Jessica Franklin,112205,Thomasfurt,Marketing,24,2024-06-21
Lawrence Marquez,45680,Coleside,Marketing,44,2020-01-06
Elizabeth Smith,36654,South Josephchester,Engineering,32,2020-08-03
Julia Church,75282,Lake Brandon,Finance,59,2017-11-28
Destiny Lewis,107413,Clarkberg,Engineering,41,2021-07-29
Pam Smith,45034,Fullerberg,Marketing,49,2021-11-24
Steven Barron,53285,South Erictown,Finance,42,2015-06-05
Tyler Morrison,91565,East Barbaraton,Finance,27,2020-10-14
Adriana Patton,47107,Johnsonborough,Marketing,39,2024-11-01
Susan Lewis,91636,Romeroborough,Finance,30,2016-05-08
Megan Meza,67385,Smithchester,HR,30,2018-10-02
Donald Conley,43910,Fieldsfort,Marketing,23,2020-02-10
Tony Fitzpatrick,39705,Santiagofurt,Sales,27,2015-05-17
William Krause,36702,North Deannaton,Engineering,44,2018-09-16
Nancy Taylor,102625,East Philip,Sales,37,2017-02-21
Haley Little,62728,Garciafurt,HR,42,2021-09-25
Michael Carney,71724,Lake Russell,Marketing,27,2015-04-10
Crystal Zamora,34574,Davidfurt,Finance,43,2018-03-10
Lauren Jones,58827,Port Christinaburgh,Sales,42,2017-10-23
Paul Molina,72208,Angelicamouth,Finance,25,2018-02-12
Sean Brown MD,112177,Aguirremouth,HR,44,2020-10-22
Howard Miles,69084,North Martinmouth,Sales,47,2020-11-17
Jacob Farmer,89439,New Amanda,HR,60,2017-10-23
Mathew Melton,99255,North Waynechester,Finance,52,2015-04-20
Susan Nash,90408,Stephanieview,Marketing,23,2022-01-16
Dave Cooper,88606,Port Nicolemouth,Marketing,23,2018-10-22
Elizabeth Mcdaniel,53924,South Richard,Finance,51,2022-11-07
Harold Nguyen,88916,Louisburgh,Finance,44,2018-10-08
Kevin Rivera,106794,Alvarezchester,Marketing,43,2016-07-11
Elizabeth Graham,43515,Brewerview,Finance,55,2021-01-30
Jennifer Tran,79856,East Kim,Finance,42,2021-09-14
Pamela Jordan,46769,North Jenniferhaven,HR,45,2024-07-02
Lisa Vega,72107,Nicolemouth,Engineering,60,2016-07-12
Louis Taylor,42523,Port Dawnmouth,Engineering,37,2017-03-03
Tyler Simpson,63359,Hintonmouth,Sales,50,2019-01-08
Christian Roberts,42055,Reillystad,HR,23,2016-04-24
Jeremiah Garrett,30957,New Danielle,Marketing,54,2023-01-09
